customer_id,customer_name,email,mobile,city,registration_date,customer_type
C00001,Diya Bansal,diya.bansal1@example.com,9917325063,Ahmedabad,2023-12-12,Corporate
C00002,Harshita Gupta,harshita.gupta2@example.com,9625679392,Ahmedabad,2023-06-30,Regular
C00003,Simran Mehta,simran.mehta3@example.com,9780202067,Mumbai,2025-04-06,Premium
C00004,Aditi Mehta,aditi.mehta4@example.com,9105013454,Noida,2025-12-29,Regular
C00005,Nidhi Kumar,nidhi.kumar5@example.com,9115115189,Indore,2024-10-21,Corporate
C00006,Karan Sharma,karan.sharma6@example.com,9826652789,Noida,2026-07-07,Corporate
C00007,Ananya Bansal,ananya.bansal7@example.com,9844666527,Indore,2024-12-06,Premium
C00008,Rahul Verma,rahul.verma8@example.com,9511834185,Bengaluru,2026-04-20,Premium
C00009,Rohan Verma,rohan.verma9@example.com,9984595578,Noida,2024-09-02,Premium
C00010,Riya Jain,riya.jain10@example.com,9740347321,Bengaluru,2024-11-22,Premium
C00011,Harsh Gupta,harsh.gupta11@example.com,9468006578,Indore,2025-09-30,Premium
C00012,Harshita Bansal,harshita.bansal12@example.com,9277042316,Indore,2025-04-06,Regular
C00013,Ananya Bansal,ananya.bansal13@example.com,9880791577,Delhi,2024-03-08,Corporate
C00014,Aarav Malhotra,aarav.malhotra14@example.com,9641846158,Delhi,2023-09-10,Premium
C00015,Mehak Sharma,mehak.sharma15@example.com,9502859804,Indore,2026-08-04,Premium
C00016,Harshita Jain,harshita.jain16@example.com,9769085879,Noida,2026-05-01,Regular
C00017,Harsh Verma,harsh.verma17@example.com,9801762883,Chandigarh,2023-02-10,Regular
C00018,Mehak Verma,mehak.verma18@example.com,9547509357,Pune,2025-02-17,Regular
C00019,Kavya Singh,kavya.singh19@example.com,9609379184,Kolkata,2023-11-10,Regular
C00020,Mehak Sharma,mehak.sharma20@example.com,9423321334,Mumbai,2023-07-26,Corporate
C00021,Nisha Singh,nisha.singh21@example.com,9768724016,Hyderabad,2023-10-08,Premium
C00022,Arjun Jain,arjun.jain22@example.com,9871769353,Hyderabad,2023-08-30,Premium
C00023,Arjun Verma,arjun.verma23@example.com,9634443249,Gurugram,2026-06-01,Regular
C00024,Harshita Singh,harshita.singh24@example.com,9992815061,Bengaluru,2024-02-18,Premium
C00025,Mehak Mehta,mehak.mehta25@example.com,9417130941,Delhi,2023-03-22,Corporate
C00026,Aditi Bansal,aditi.bansal26@example.com,9838953322,Indore,2025-09-11,Premium
C00027,Ananya Sharma,ananya.sharma27@example.com,9113689561,Chennai,2023-07-02,Regular
C00028,Pooja Agarwal,pooja.agarwal28@example.com,9260142678,Ghaziabad,2025-11-13,Regular
C00029,Nidhi Verma,nidhi.verma29@example.com,9374762050,Chennai,2024-04-18,Premium
C00030,Ishita Singh,ishita.singh30@example.com,9598514021,Noida,2023-07-24,Regular
C00031,Vivaan Singh,vivaan.singh31@example.com,9486777550,Ahmedabad,2024-10-02,Premium
C00032,Nidhi Verma,nidhi.verma32@example.com,9202003827,Chandigarh,2023-04-04,Regular
C00033,Rahul Gupta,rahul.gupta33@example.com,9452896879,Jaipur,2025-06-15,Corporate
C00034,Diya Verma,diya.verma34@example.com,9500099988,Chandigarh,2024-12-02,Regular
C00035,Arjun Mehta,arjun.mehta35@example.com,9529765405,Pune,2024-07-10,Premium
C00036,Mehak Agarwal,mehak.agarwal36@example.com,9958885115,Mumbai,2026-08-21,Regular
C00037,Arjun Gupta,arjun.gupta37@example.com,9847506709,Kolkata,2023-05-01,Regular
C00038,Arjun Mehta,arjun.mehta38@example.com,9734313309,Pune,2026-03-11,Corporate
C00039,Riya Gupta,riya.gupta39@example.com,9756403241,Mumbai,2025-01-04,Corporate
C00040,Aarav Gupta,aarav.gupta40@example.com,9618702826,Indore,2025-09-26,Regular
C00041,Sneha Agarwal,sneha.agarwal41@example.com,9149362414,Ghaziabad,2024-06-19,Corporate
C00042,Meera Sharma,meera.sharma42@example.com,9856524312,Chandigarh,2025-12-10,Corporate
C00043,Pooja Malhotra,pooja.malhotra43@example.com,9340501969,Chennai,2024-11-23,Corporate
C00044,Nisha Malhotra,nisha.malhotra44@example.com,9202265468,Mumbai,2024-05-24,Premium
C00045,Priya Mehta,priya.mehta45@example.com,9259616499,Chandigarh,2026-02-17,Corporate
C00046,Vivaan Sharma,vivaan.sharma46@example.com,9790844104,Indore,2023-11-18,Corporate
C00047,Aditi Agarwal,aditi.agarwal47@example.com,9277601056,Ghaziabad,2025-10-03,Premium
C00048,Ananya Kumar,ananya.kumar48@example.com,9398668947,Noida,2025-11-04,Regular
C00049,Kavya Mehta,kavya.mehta49@example.com,9533015368,Chandigarh,2024-04-26,Regular
C00050,Riya Agarwal,riya.agarwal50@example.com,9960347752,Hyderabad,2025-07-06,Regular
C00051,Aditi Agarwal,aditi.agarwal51@example.com,9439368482,Ghaziabad,2025-10-15,Corporate
C00052,Anjali Sharma,anjali.sharma52@example.com,9210212429,Mumbai,2025-04-24,Regular
C00053,Kavya Jain,kavya.jain53@example.com,9100182231,Chandigarh,2023-07-06,Corporate
C00054,Simran Singh,simran.singh54@example.com,9645823493,Bengaluru,2024-02-28,Corporate
C00055,Harsh Agarwal,harsh.agarwal55@example.com,9465989408,Jaipur,2023-04-22,Regular
C00056,Riya Kumar,riya.kumar56@example.com,9701457391,Ahmedabad,2026-06-23,Corporate
C00057,Aditi Kumar,aditi.kumar57@example.com,9868706268,Pune,2023-08-22,Regular
C00058,Harshita Bansal,harshita.bansal58@example.com,9102358958,Jaipur,2024-12-28,Corporate
C00059,Ishita Jain,ishita.jain59@example.com,9660477218,Jaipur,2023-08-06,Regular
C00060,Rohan Agarwal,rohan.agarwal60@example.com,9250806165,Chandigarh,2025-04-18,Regular
C00061,Diya Malhotra,diya.malhotra61@example.com,9310369078,Gurugram,2023-09-05,Premium
C00062,Karan Agarwal,karan.agarwal62@example.com,9985358270,Ahmedabad,2024-01-26,Corporate
C00063,Meera Verma,meera.verma63@example.com,9912982916,Mumbai,2023-04-06,Corporate
C00064,Harsh Malhotra,harsh.malhotra64@example.com,9232305596,Ahmedabad,2025-07-11,Premium
C00065,Harsh Malhotra,harsh.malhotra65@example.com,9641378026,Delhi,2025-10-18,Regular
C00066,Nisha Sharma,nisha.sharma66@example.com,9694022242,Indore,2025-06-05,Corporate
C00067,Aditi Jain,aditi.jain67@example.com,9938679870,Indore,2023-12-29,Corporate
C00068,Pooja Gupta,pooja.gupta68@example.com,9884362665,Chandigarh,2023-09-20,Regular
C00069,Neha Malhotra,neha.malhotra69@example.com,9750860170,Indore,2024-10-21,Corporate
C00070,Neha Mehta,neha.mehta70@example.com,9753901994,Indore,2024-05-23,Premium
C00071,Neha Kumar,neha.kumar71@example.com,9415866432,Pune,2023-10-01,Regular
C00072,Sneha Malhotra,sneha.malhotra72@example.com,9851634610,Indore,2025-11-15,Premium
C00073,Mehak Jain,mehak.jain73@example.com,9437059145,Kolkata,2026-02-07,Corporate
C00074,Karan Bansal,karan.bansal74@example.com,9325177291,Hyderabad,2024-08-18,Corporate
C00075,Priya Gupta,priya.gupta75@example.com,9862782374,Chennai,2023-12-31,Corporate
C00076,Kavya Kumar,kavya.kumar76@example.com,9862735437,Ghaziabad,2024-12-22,Corporate
C00077,Aditi Malhotra,aditi.malhotra77@example.com,9712718094,Chennai,2025-05-04,Corporate
C00078,Nidhi Jain,nidhi.jain78@example.com,9407012827,Indore,2025-05-15,Regular
C00079,Nisha Verma,nisha.verma79@example.com,9127135757,Mumbai,2023-10-25,Regular
C00080,Harsh Sharma,harsh.sharma80@example.com,9314643586,Lucknow,2023-11-26,Premium
C00081,Harsh Singh,harsh.singh81@example.com,9257226287,Chandigarh,2023-05-08,Corporate
C00082,Ishita Bansal,ishita.bansal82@example.com,9909165341,Bengaluru,2023-03-08,Premium
C00083,Riya Verma,riya.verma83@example.com,9761541819,Chandigarh,2026-02-24,Regular
C00084,Nidhi Jain,nidhi.jain84@example.com,9517563874,Gurugram,2025-11-12,Corporate
C00085,Ishita Sharma,ishita.sharma85@example.com,9509721231,Mumbai,2025-05-03,Corporate
C00086,Meera Jain,meera.jain86@example.com,9157769665,Noida,2024-05-29,Regular
C00087,Simran Agarwal,simran.agarwal87@example.com,9991187981,Gurugram,2026-07-21,Corporate
C00088,Mehak Kumar,mehak.kumar88@example.com,9910790724,Hyderabad,2026-01-24,Corporate
C00089,Simran Bansal,simran.bansal89@example.com,9933381221,Kolkata,2024-02-01,Premium
C00090,Riya Gupta,riya.gupta90@example.com,9832999366,Ghaziabad,2024-01-18,Regular
C00091,Nidhi Jain,nidhi.jain91@example.com,9228155179,Mumbai,2023-03-25,Premium
C00092,Diya Jain,diya.jain92@example.com,9383725108,Delhi,2023-11-26,Corporate
C00093,Diya Sharma,diya.sharma93@example.com,9454939091,Pune,2023-11-14,Regular
C00094,Rahul Kumar,rahul.kumar94@example.com,9740895381,Noida,2026-07-04,Corporate
C00095,Harsh Singh,harsh.singh95@example.com,9626725060,Ahmedabad,2026-03-18,Corporate
C00096,Priya Verma,priya.verma96@example.com,9941847352,Kolkata,2024-10-12,Corporate
C00097,Ananya Gupta,ananya.gupta97@example.com,9658996745,Ghaziabad,2025-10-31,Regular
C00098,Sneha Jain,sneha.jain98@example.com,9676637967,Mumbai,2023-07-08,Premium
C00099,Ananya Bansal,ananya.bansal99@example.com,9812249975,Jaipur,2024-11-09,Premium
C00100,Ishita Bansal,ishita.bansal100@example.com,9908157894,Hyderabad,2025-12-22,Premium
C00101,Kavya Sharma,kavya.sharma101@example.com,9223181755,Chennai,2024-12-09,Premium
C00102,Ananya Malhotra,ananya.malhotra102@example.com,9766935087,Gurugram,2023-03-23,Corporate
C00103,Meera Mehta,meera.mehta103@example.com,9954920307,Ghaziabad,2025-03-01,Premium
C00104,Kavya Singh,kavya.singh104@example.com,9126527569,Indore,2025-11-24,Premium
C00105,Nisha Jain,nisha.jain105@example.com,9578413078,Pune,2023-03-31,Premium
C00106,Anjali Bansal,anjali.bansal106@example.com,9443933202,Bengaluru,2023-06-18,Regular
C00107,Rohan Jain,rohan.jain107@example.com,9672525395,Noida,2026-07-07,Regular
C00108,Karan Bansal,karan.bansal108@example.com,9835948208,Mumbai,2023-08-01,Regular
C00109,Kavya Mehta,kavya.mehta109@example.com,9794239754,Chandigarh,2023-05-28,Corporate
C00110,Harsh Gupta,harsh.gupta110@example.com,9125504528,Pune,2024-11-10,Regular
C00111,Aditya Verma,aditya.verma111@example.com,9158269903,Delhi,2024-05-30,Corporate
C00112,Aditya Malhotra,aditya.malhotra112@example.com,9982207031,Gurugram,2024-06-13,Premium
C00113,Neha Agarwal,neha.agarwal113@example.com,9776690635,Mumbai,2025-06-05,Premium
C00114,Aarav Mehta,aarav.mehta114@example.com,9822949013,Ghaziabad,2025-12-31,Regular
C00115,Anjali Malhotra,anjali.malhotra115@example.com,9167900845,Ahmedabad,2026-04-14,Regular
C00116,Mehak Verma,mehak.verma116@example.com,9484077593,Indore,2025-10-26,Regular
C00117,Ishita Singh,ishita.singh117@example.com,9751295118,Ghaziabad,2024-07-30,Premium
C00118,Neha Mehta,neha.mehta118@example.com,9982747173,Chennai,2023-03-05,Premium
C00119,Rohan Jain,rohan.jain119@example.com,9336079027,Delhi,2025-03-11,Corporate
C00120,Ishita Gupta,ishita.gupta120@example.com,9420035728,Chennai,2026-08-19,Premium
C00121,Aarav Jain,aarav.jain121@example.com,9696001601,Delhi,2023-09-10,Regular
C00122,Aarav Malhotra,aarav.malhotra122@example.com,9740653308,Mumbai,2026-01-05,Corporate
C00123,Aditya Singh,aditya.singh123@example.com,9325542573,Kolkata,2024-12-05,Regular
C00124,Sneha Jain,sneha.jain124@example.com,9252960017,Delhi,2024-01-12,Regular
C00125,Simran Singh,simran.singh125@example.com,9308656189,Ghaziabad,2024-01-07,Corporate
C00126,Pooja Sharma,pooja.sharma126@example.com,9906425007,Indore,2026-01-29,Premium
C00127,Anjali Jain,anjali.jain127@example.com,9178538388,Lucknow,2023-05-18,Premium
C00128,Arjun Bansal,arjun.bansal128@example.com,9879095530,Hyderabad,2025-09-24,Premium
C00129,Priya Gupta,priya.gupta129@example.com,9820798124,Chennai,2024-04-25,Regular
C00130,Ishita Malhotra,ishita.malhotra130@example.com,9174956719,Indore,2024-02-01,Premium
C00131,Aditi Agarwal,aditi.agarwal131@example.com,9452558912,Hyderabad,2024-09-18,Corporate
C00132,Pooja Gupta,pooja.gupta132@example.com,9707256840,Hyderabad,2025-01-16,Premium
C00133,Sneha Gupta,sneha.gupta133@example.com,9105188198,Jaipur,2024-05-19,Regular
C00134,Mehak Mehta,mehak.mehta134@example.com,9397082704,Chandigarh,2025-01-06,Regular
C00135,Harsh Kumar,harsh.kumar135@example.com,9615346649,Pune,2025-07-01,Premium
C00136,Harshita Singh,harshita.singh136@example.com,9622881542,Bengaluru,2023-08-11,Regular
C00137,Anjali Malhotra,anjali.malhotra137@example.com,9188018583,Chandigarh,2024-07-28,Regular
C00138,Kavya Bansal,kavya.bansal138@example.com,9382646055,Kolkata,2026-07-07,Regular
C00139,Nidhi Verma,nidhi.verma139@example.com,9120004122,Chandigarh,2025-11-04,Corporate
C00140,Aarav Malhotra,aarav.malhotra140@example.com,9721589989,Mumbai,2026-04-23,Regular
C00141,Vivaan Jain,vivaan.jain141@example.com,9379834642,Bengaluru,2026-01-10,Premium
C00142,Anjali Gupta,anjali.gupta142@example.com,9492794766,Mumbai,2024-04-02,Corporate
C00143,Nidhi Singh,nidhi.singh143@example.com,9243753906,Pune,2025-10-23,Corporate
C00144,Aditya Mehta,aditya.mehta144@example.com,9490697670,Bengaluru,2023-01-22,Corporate
C00145,Ananya Malhotra,ananya.malhotra145@example.com,9834612989,Delhi,2025-11-18,Regular
C00146,Riya Gupta,riya.gupta146@example.com,9292355674,Hyderabad,2026-03-04,Corporate
C00147,Rahul Agarwal,rahul.agarwal147@example.com,9485253781,Noida,2024-03-24,Premium
C00148,Ananya Verma,ananya.verma148@example.com,9383851293,Jaipur,2024-04-24,Regular
C00149,Harsh Bansal,harsh.bansal149@example.com,9656075031,Indore,2025-01-09,Premium
C00150,Aditi Agarwal,aditi.agarwal150@example.com,9149861842,Noida,2026-08-21,Premium
C00151,Arjun Jain,arjun.jain151@example.com,9780287364,Chandigarh,2024-07-14,Corporate
C00152,Diya Malhotra,diya.malhotra152@example.com,9684491424,Hyderabad,2023-12-23,Premium
C00153,Anjali Mehta,anjali.mehta153@example.com,9492234424,Hyderabad,2026-08-31,Regular
C00154,Nisha Singh,nisha.singh154@example.com,9504079950,Indore,2024-04-01,Corporate
C00155,Neha Kumar,neha.kumar155@example.com,9977501292,Chandigarh,2024-12-07,Premium
C00156,Aditi Malhotra,aditi.malhotra156@example.com,9107084208,Bengaluru,2023-10-12,Premium
C00157,Rohan Bansal,rohan.bansal157@example.com,9182772849,Bengaluru,2026-08-10,Premium
C00158,Karan Gupta,karan.gupta158@example.com,9300688440,Delhi,2025-01-11,Corporate
C00159,Mehak Verma,mehak.verma159@example.com,9809861078,Gurugram,2025-04-29,Premium
C00160,Nidhi Verma,nidhi.verma160@example.com,9617024564,Chennai,2025-09-07,Premium
C00161,Karan Malhotra,karan.malhotra161@example.com,9273136853,Chennai,2025-04-21,Regular
C00162,Ananya Sharma,ananya.sharma162@example.com,9237315592,Hyderabad,2026-04-28,Regular
C00163,Rahul Jain,rahul.jain163@example.com,9142080866,Indore,2026-03-18,Regular
C00164,Vivaan Gupta,vivaan.gupta164@example.com,9377304178,Indore,2024-01-04,Corporate
C00165,Neha Malhotra,neha.malhotra165@example.com,9705165937,Chennai,2023-02-08,Corporate
C00166,Nidhi Singh,nidhi.singh166@example.com,9192071758,Gurugram,2025-07-08,Corporate
C00167,Aditi Agarwal,aditi.agarwal167@example.com,9283144690,Gurugram,2025-04-21,Corporate
C00168,Rahul Malhotra,rahul.malhotra168@example.com,9980954894,Ahmedabad,2024-01-08,Corporate
C00169,Harsh Jain,harsh.jain169@example.com,9384026939,Delhi,2024-12-02,Premium
C00170,Simran Malhotra,simran.malhotra170@example.com,9173919503,Gurugram,2025-02-13,Premium
C00171,Rahul Verma,rahul.verma171@example.com,9117783990,Gurugram,2025-12-06,Corporate
C00172,Harsh Mehta,harsh.mehta172@example.com,9987462850,Delhi,2026-05-25,Regular
C00173,Rohan Agarwal,rohan.agarwal173@example.com,9760080817,Hyderabad,2023-03-21,Corporate
C00174,Nisha Verma,nisha.verma174@example.com,9200061963,Pune,2023-09-24,Corporate
C00175,Kavya Sharma,kavya.sharma175@example.com,9932010779,Chennai,2026-08-22,Premium
C00176,Nisha Mehta,nisha.mehta176@example.com,9497689759,Chandigarh,2023-03-30,Corporate
C00177,Nisha Mehta,nisha.mehta177@example.com,9346408985,Ahmedabad,2025-09-14,Premium
C00178,Priya Malhotra,priya.malhotra178@example.com,9963955258,Kolkata,2026-03-25,Regular
C00179,Sneha Gupta,sneha.gupta179@example.com,9373286650,Pune,2024-04-21,Regular
C00180,Ishita Malhotra,ishita.malhotra180@example.com,9683826742,Mumbai,2024-06-11,Regular
C00181,Aarav Sharma,aarav.sharma181@example.com,9720608968,Bengaluru,2023-08-30,Corporate
C00182,Aarav Mehta,aarav.mehta182@example.com,9802813548,Gurugram,2024-10-08,Premium
C00183,Priya Verma,priya.verma183@example.com,9266192234,Mumbai,2026-08-27,Corporate
C00184,Diya Singh,diya.singh184@example.com,9675638242,Mumbai,2026-03-02,Premium
C00185,Simran Singh,simran.singh185@example.com,9830794809,Mumbai,2024-02-22,Premium
C00186,Kavya Jain,kavya.jain186@example.com,9618045811,Delhi,2025-01-28,Corporate
C00187,Kavya Agarwal,kavya.agarwal187@example.com,9372491666,Lucknow,2026-03-29,Premium
C00188,Harshita Mehta,harshita.mehta188@example.com,9890040374,Delhi,2023-09-01,Corporate
C00189,Ananya Agarwal,ananya.agarwal189@example.com,9940857164,Kolkata,2023-11-28,Regular
C00190,Karan Jain,karan.jain190@example.com,9530098998,Ahmedabad,2024-11-24,Corporate
C00191,Simran Sharma,simran.sharma191@example.com,9272591127,Mumbai,2026-07-26,Regular
C00192,Aditya Gupta,aditya.gupta192@example.com,9606450366,Indore,2026-05-14,Premium
C00193,Aditya Verma,aditya.verma193@example.com,9382492880,Gurugram,2025-01-29,Regular
C00194,Simran Sharma,simran.sharma194@example.com,9877920274,Mumbai,2025-03-31,Corporate
C00195,Anjali Jain,anjali.jain195@example.com,9407593997,Kolkata,2026-05-08,Regular
C00196,Harshita Gupta,harshita.gupta196@example.com,9787507560,Pune,2025-06-18,Regular
C00197,Karan Jain,karan.jain197@example.com,9407097155,Gurugram,2023-03-10,Corporate
C00198,Nisha Jain,nisha.jain198@example.com,9849954690,Gurugram,2026-06-13,Regular
C00199,Harsh Sharma,harsh.sharma199@example.com,9486267885,Gurugram,2023-01-01,Regular
C00200,Aditya Singh,aditya.singh200@example.com,9937167377,Mumbai,2024-12-24,Corporate
C00201,Neha Mehta,neha.mehta201@example.com,9729298787,Gurugram,2025-11-26,Regular
C00202,Nidhi Verma,nidhi.verma202@example.com,9196814848,Bengaluru,2024-08-05,Corporate
C00203,Kavya Malhotra,kavya.malhotra203@example.com,9473764425,Jaipur,2024-07-20,Regular
C00204,Simran Bansal,simran.bansal204@example.com,9588293766,Indore,2025-04-07,Corporate
C00205,Aarav Singh,aarav.singh205@example.com,9287942172,Mumbai,2025-11-02,Regular
C00206,Kavya Verma,kavya.verma206@example.com,9640273782,Lucknow,2024-11-27,Regular
C00207,Nisha Singh,nisha.singh207@example.com,9677569362,Chandigarh,2026-03-23,Premium
C00208,Mehak Agarwal,mehak.agarwal208@example.com,9504886868,Hyderabad,2025-09-17,Regular
C00209,Harshita Kumar,harshita.kumar209@example.com,9932792876,Pune,2025-08-01,Corporate
C00210,Aarav Agarwal,aarav.agarwal210@example.com,9224842139,Lucknow,2023-05-19,Premium
C00211,Anjali Bansal,anjali.bansal211@example.com,9826829775,Kolkata,2024-04-15,Premium
C00212,Sneha Kumar,sneha.kumar212@example.com,9654592182,Bengaluru,2023-01-20,Corporate
C00213,Diya Bansal,diya.bansal213@example.com,9408474841,Ghaziabad,2025-03-28,Corporate
C00214,Nidhi Kumar,nidhi.kumar214@example.com,9181635326,Bengaluru,2024-01-01,Premium
C00215,Meera Kumar,meera.kumar215@example.com,9334683594,Indore,2026-03-20,Premium
C00216,Rohan Bansal,rohan.bansal216@example.com,9635796460,Kolkata,2024-02-13,Regular
C00217,Nidhi Bansal,nidhi.bansal217@example.com,9384976854,Gurugram,2024-04-14,Regular
C00218,Ananya Malhotra,ananya.malhotra218@example.com,9482281482,Delhi,2023-08-07,Regular
C00219,Aditya Agarwal,aditya.agarwal219@example.com,9759091699,Noida,2026-01-13,Regular
C00220,Aditi Kumar,aditi.kumar220@example.com,9766436631,Jaipur,2025-10-05,Corporate
C00221,Diya Agarwal,diya.agarwal221@example.com,9296357164,Ahmedabad,2025-11-12,Premium
C00222,Neha Bansal,neha.bansal222@example.com,9905488247,Hyderabad,2023-09-20,Regular
C00223,Nisha Mehta,nisha.mehta223@example.com,9613592269,Bengaluru,2023-03-08,Corporate
C00224,Priya Mehta,priya.mehta224@example.com,9836950507,Ahmedabad,2023-12-24,Premium
C00225,Arjun Jain,arjun.jain225@example.com,9593997037,Jaipur,2023-01-18,Regular
C00226,Harsh Bansal,harsh.bansal226@example.com,9507407714,Hyderabad,2023-07-26,Premium
C00227,Priya Malhotra,priya.malhotra227@example.com,9378851582,Delhi,2026-01-28,Premium
C00228,Ananya Singh,ananya.singh228@example.com,9606103226,Hyderabad,2024-12-03,Premium
C00229,Rohan Agarwal,rohan.agarwal229@example.com,9555205201,Gurugram,2025-05-08,Corporate
C00230,Harshita Kumar,harshita.kumar230@example.com,9491999503,Chandigarh,2025-03-31,Premium
C00231,Riya Gupta,riya.gupta231@example.com,9713546516,Delhi,2026-03-25,Corporate
C00232,Ananya Verma,ananya.verma232@example.com,9873969707,Lucknow,2024-04-27,Corporate
C00233,Sneha Mehta,sneha.mehta233@example.com,9310521278,Delhi,2023-11-03,Premium
C00234,Aarav Gupta,aarav.gupta234@example.com,9552604373,Pune,2023-10-03,Corporate
C00235,Nisha Jain,nisha.jain235@example.com,9873695765,Jaipur,2025-09-23,Premium
C00236,Diya Jain,diya.jain236@example.com,9709707672,Noida,2025-03-26,Regular
C00237,Mehak Gupta,mehak.gupta237@example.com,9164463569,Gurugram,2024-06-04,Premium
C00238,Anjali Verma,anjali.verma238@example.com,9583027931,Kolkata,2024-11-16,Premium
C00239,Priya Kumar,priya.kumar239@example.com,9701671267,Bengaluru,2024-06-11,Premium
C00240,Aarav Mehta,aarav.mehta240@example.com,9230177767,Jaipur,2026-05-25,Regular
C00241,Pooja Malhotra,pooja.malhotra241@example.com,9797787747,Chennai,2026-01-07,Regular
C00242,Harshita Singh,harshita.singh242@example.com,9481295430,Jaipur,2025-11-11,Premium
C00243,Harshita Agarwal,harshita.agarwal243@example.com,9184189438,Mumbai,2026-06-10,Premium
C00244,Riya Gupta,riya.gupta244@example.com,9279932861,Chennai,2024-11-21,Premium
C00245,Anjali Malhotra,anjali.malhotra245@example.com,9713791169,Mumbai,2023-05-27,Regular
C00246,Rohan Kumar,rohan.kumar246@example.com,9345047145,Jaipur,2024-10-10,Corporate
C00247,Ishita Singh,ishita.singh247@example.com,9750027161,Chennai,2025-03-20,Premium
C00248,Riya Kumar,riya.kumar248@example.com,9903046674,Hyderabad,2025-12-02,Premium
C00249,Sneha Gupta,sneha.gupta249@example.com,9297446299,Chandigarh,2023-02-17,Regular
C00250,Nidhi Bansal,nidhi.bansal250@example.com,9810841299,Lucknow,2023-06-13,Regular
C00251,Rohan Mehta,rohan.mehta251@example.com,9210605413,Ghaziabad,2023-05-11,Premium
C00252,Kavya Sharma,kavya.sharma252@example.com,9128309105,Ahmedabad,2025-03-24,Corporate
C00253,Harshita Verma,harshita.verma253@example.com,9211592272,Lucknow,2026-06-19,Regular
C00254,Aditya Mehta,aditya.mehta254@example.com,9432184213,Gurugram,2024-05-21,Corporate
C00255,Ishita Agarwal,ishita.agarwal255@example.com,9772678518,Delhi,2023-09-26,Corporate
C00256,Rohan Sharma,rohan.sharma256@example.com,9137747372,Chennai,2024-12-31,Premium
C00257,Aditi Agarwal,aditi.agarwal257@example.com,9680447823,Indore,2024-07-11,Corporate
C00258,Riya Gupta,riya.gupta258@example.com,9849066860,Bengaluru,2023-12-29,Corporate
C00259,Simran Agarwal,simran.agarwal259@example.com,9777582116,Kolkata,2026-07-26,Corporate
C00260,Sneha Jain,sneha.jain260@example.com,9786965530,Chennai,2025-12-29,Premium
C00261,Priya Agarwal,priya.agarwal261@example.com,9679464236,Gurugram,2023-07-03,Premium
C00262,Ishita Kumar,ishita.kumar262@example.com,9542600470,Lucknow,2023-11-15,Premium
C00263,Aarav Sharma,aarav.sharma263@example.com,9661906534,Chandigarh,2023-10-07,Premium
C00264,Ishita Agarwal,ishita.agarwal264@example.com,9674558056,Noida,2025-10-04,Premium
C00265,Ishita Sharma,ishita.sharma265@example.com,9922345794,Mumbai,2024-08-22,Corporate
C00266,Ananya Sharma,ananya.sharma266@example.com,9688638365,Jaipur,2024-01-22,Premium
C00267,Kavya Mehta,kavya.mehta267@example.com,9523861817,Gurugram,2023-12-01,Corporate
C00268,Nidhi Mehta,nidhi.mehta268@example.com,9989516564,Mumbai,2024-03-27,Premium
C00269,Aditya Mehta,aditya.mehta269@example.com,9771435478,Gurugram,2025-11-24,Corporate
C00270,Mehak Singh,mehak.singh270@example.com,9405669440,Chennai,2025-12-25,Premium
C00271,Sneha Bansal,sneha.bansal271@example.com,9173512612,Delhi,2023-10-07,Premium
C00272,Arjun Agarwal,arjun.agarwal272@example.com,9763281908,Pune,2024-07-11,Corporate
C00273,Simran Agarwal,simran.agarwal273@example.com,9301637382,Jaipur,2023-02-09,Regular
C00274,Vivaan Jain,vivaan.jain274@example.com,9123762858,Delhi,2023-07-29,Premium
C00275,Diya Gupta,diya.gupta275@example.com,9867935795,Pune,2023-01-17,Regular
C00276,Aditya Gupta,aditya.gupta276@example.com,9115810687,Pune,2024-03-20,Premium
C00277,Sneha Singh,sneha.singh277@example.com,9943666157,Ahmedabad,2025-10-17,Premium
C00278,Riya Sharma,riya.sharma278@example.com,9454601784,Ghaziabad,2023-10-27,Regular
C00279,Diya Mehta,diya.mehta279@example.com,9176648733,Bengaluru,2025-08-20,Regular
C00280,Karan Singh,karan.singh280@example.com,9977516280,Mumbai,2023-01-26,Regular
C00281,Harshita Bansal,harshita.bansal281@example.com,9513173592,Ahmedabad,2025-06-26,Regular
C00282,Nidhi Sharma,nidhi.sharma282@example.com,9313867761,Pune,2023-07-12,Corporate
C00283,Harsh Bansal,harsh.bansal283@example.com,9607692567,Mumbai,2024-10-01,Premium
C00284,Rohan Sharma,rohan.sharma284@example.com,9899641923,Indore,2026-01-30,Corporate
C00285,Arjun Singh,arjun.singh285@example.com,9616716343,Chennai,2024-09-03,Regular
C00286,Priya Sharma,priya.sharma286@example.com,9815858075,Gurugram,2023-08-20,Regular
C00287,Anjali Mehta,anjali.mehta287@example.com,9448443704,Noida,2023-12-09,Premium
C00288,Pooja Verma,pooja.verma288@example.com,9524995927,Ahmedabad,2024-05-12,Regular
C00289,Vivaan Malhotra,vivaan.malhotra289@example.com,9941250135,Kolkata,2025-08-31,Corporate
C00290,Simran Gupta,simran.gupta290@example.com,9498786278,Ahmedabad,2023-07-03,Regular
C00291,Rohan Agarwal,rohan.agarwal291@example.com,9198141669,Chennai,2026-06-20,Premium
C00292,Harshita Sharma,harshita.sharma292@example.com,9164183056,Jaipur,2026-08-13,Regular
C00293,Mehak Jain,mehak.jain293@example.com,9949830412,Ghaziabad,2023-09-15,Premium
C00294,Ananya Kumar,ananya.kumar294@example.com,9699524216,Ahmedabad,2026-08-13,Premium
C00295,Riya Bansal,riya.bansal295@example.com,9122927426,Kolkata,2025-02-12,Premium
C00296,Nidhi Gupta,nidhi.gupta296@example.com,9369183038,Indore,2023-03-22,Premium
C00297,Mehak Agarwal,mehak.agarwal297@example.com,9700248296,Lucknow,2026-01-16,Corporate
C00298,Aditi Bansal,aditi.bansal298@example.com,9708491359,Delhi,2026-01-18,Premium
C00299,Meera Agarwal,meera.agarwal299@example.com,9395627385,Chandigarh,2026-05-11,Corporate
C00300,Rohan Verma,rohan.verma300@example.com,9670304472,Delhi,2025-07-09,Premium
C00301,Diya Jain,diya.jain301@example.com,9494184264,Pune,2023-01-02,Corporate
C00302,Nisha Mehta,nisha.mehta302@example.com,9887759003,Delhi,2023-02-08,Corporate
C00303,Priya Malhotra,priya.malhotra303@example.com,9356395115,Jaipur,2023-05-10,Corporate
C00304,Kavya Mehta,kavya.mehta304@example.com,9303870775,Bengaluru,2025-10-15,Corporate
C00305,Rahul Malhotra,rahul.malhotra305@example.com,9404007541,Jaipur,2025-04-19,Corporate
C00306,Meera Verma,meera.verma306@example.com,9203354415,Bengaluru,2023-05-17,Regular
C00307,Rahul Gupta,rahul.gupta307@example.com,9133579936,Gurugram,2023-08-08,Premium
C00308,Karan Verma,karan.verma308@example.com,9134163406,Hyderabad,2026-08-07,Premium
C00309,Harsh Agarwal,harsh.agarwal309@example.com,9664596387,Hyderabad,2026-04-23,Premium
C00310,Vivaan Kumar,vivaan.kumar310@example.com,9336999287,Hyderabad,2023-05-26,Regular
C00311,Karan Agarwal,karan.agarwal311@example.com,9993436624,Ghaziabad,2025-08-16,Corporate
C00312,Vivaan Kumar,vivaan.kumar312@example.com,9699169292,Kolkata,2025-05-01,Premium
C00313,Mehak Sharma,mehak.sharma313@example.com,9984379899,Hyderabad,2024-06-28,Corporate
C00314,Vivaan Verma,vivaan.verma314@example.com,9995990847,Lucknow,2023-06-09,Regular
C00315,Nisha Verma,nisha.verma315@example.com,9208689641,Kolkata,2024-04-18,Corporate
C00316,Neha Bansal,neha.bansal316@example.com,9307360430,Bengaluru,2024-05-24,Corporate
C00317,Anjali Gupta,anjali.gupta317@example.com,9699602642,Kolkata,2026-02-17,Premium
C00318,Nidhi Verma,nidhi.verma318@example.com,9922790554,Chennai,2026-03-26,Premium
C00319,Harsh Agarwal,harsh.agarwal319@example.com,9854357762,Chennai,2025-05-24,Regular
C00320,Rohan Gupta,rohan.gupta320@example.com,9690520920,Mumbai,2025-10-30,Premium
C00321,Harsh Gupta,harsh.gupta321@example.com,9673271266,Hyderabad,2025-06-26,Premium
C00322,Meera Jain,meera.jain322@example.com,9448594692,Chandigarh,2025-01-31,Premium
C00323,Harshita Mehta,harshita.mehta323@example.com,9987077148,Kolkata,2024-10-24,Corporate
C00324,Ananya Malhotra,ananya.malhotra324@example.com,9685861719,Gurugram,2025-02-07,Corporate
C00325,Nidhi Singh,nidhi.singh325@example.com,9486556226,Pune,2025-07-05,Premium
C00326,Aarav Sharma,aarav.sharma326@example.com,9405460403,Hyderabad,2023-02-03,Corporate
C00327,Rahul Singh,rahul.singh327@example.com,9107053228,Lucknow,2024-03-30,Regular
C00328,Meera Sharma,meera.sharma328@example.com,9928416590,Chandigarh,2024-07-19,Corporate
C00329,Nisha Jain,nisha.jain329@example.com,9712750316,Indore,2026-03-16,Regular
C00330,Arjun Sharma,arjun.sharma330@example.com,9594318319,Jaipur,2023-11-16,Regular
C00331,Diya Kumar,diya.kumar331@example.com,9725084928,Gurugram,2024-04-22,Premium
C00332,Ishita Verma,ishita.verma332@example.com,9712555926,Mumbai,2026-03-11,Regular
C00333,Nidhi Verma,nidhi.verma333@example.com,9876938677,Jaipur,2025-09-15,Regular
C00334,Aditi Malhotra,aditi.malhotra334@example.com,9979947812,Indore,2023-07-15,Corporate
C00335,Anjali Singh,anjali.singh335@example.com,9140127441,Kolkata,2026-03-26,Premium
C00336,Aditya Sharma,aditya.sharma336@example.com,9927749187,Jaipur,2024-12-13,Premium
C00337,Sneha Verma,sneha.verma337@example.com,9927200028,Gurugram,2026-08-29,Corporate
C00338,Aarav Mehta,aarav.mehta338@example.com,9158119446,Lucknow,2025-12-09,Regular
C00339,Meera Jain,meera.jain339@example.com,9706570606,Delhi,2024-10-31,Corporate
C00340,Mehak Bansal,mehak.bansal340@example.com,9264494545,Noida,2025-03-15,Premium
,Missing Customer ID,missingid@example.com,9876543210,Noida,2025-01-01,Regular
C00341,,noname@example.com,9876543211,Delhi,2025-01-01,Regular
C00342,Invalid Email,invalid-email,9876543212,Delhi,2025-01-01,Premium
C00343,Bad Email 2,abc@,9876543213,Noida,2025-01-01,Regular
C00344,Duplicate Customer,dup1@example.com,9876543214,Noida,2025-01-01,Regular
C00344,Duplicate Customer Again,dup2@example.com,9876543215,Delhi,2025-01-02,Premium
C00346,Missing Mobile,mobile@example.com,,Delhi,2025-01-01,Regular
C00347,Invalid Customer Type,type@example.com,9876543217,Delhi,2025-01-01,VIP
C00348,Missing City,city@example.com,9876543218,,2025-01-01,Regular
C00349,Invalid Date,date@example.com,9876543219,Noida,wrong-date,Regular
